Name,Start,end,sequence,type
exon_2,1,67,ATGCCTATTGGATCCAAAGAGAGGCCAACATTTTTTGAAATTTTTAAGACACGCTGCAACAAAGCAG,exon
exon_3,68,316,ATTTAGGACCAATAAGTCTTAATTGGTTTGAAGAACTTTCTTCAGAAGCTCCACCCTATAATTCTGAACCTGCAGAAGAATCTGAACATAAAAACAACAATTACGAACCAAACCTATTTAAAACTCCACAAAGGAAACCATCTTATAATCAGCTGGCTTCAACTCCAATAATATTCAAAGAGCAAGGGCTGACTCTGCCGCTGTACCAATCTCCTGTAAAAGAATTAGATAAATTCAAATTAGACTTAG,exon
exon_4,317,425,GAAGGAATGTTCCCAATAGTAGACATAAAAGTCTTCGCACAGTGAAAACTAAAATGGATCAAGCAGATGATGTTTCCTGTCCACTTCTAAATTCTTGTCTTAGTGAAAG,exon
exon_5,426,475,TCCTGTTGTTCTACAATGTACACATGTAACACCACAAAGAGATAAGTCAG,exon
exon_6,476,516,TGGTATGTGGGAGTTTGTTTCATACACCAAAGTTTGTGAAG,exon
exon_7,517,631,GGTCGTCAGACACCAAAACATATTTCTGAAAGTCTAGGAGCTGAGGTGGATCCTGATATGTCTTGGTCAAGTTCTTTAGCTACACCACCCACCCTTAGTTCTACTGTGCTCATAG,exon
exon_8,632,681,TCAGAAATGAAGAAGCATCTGAAACTGTATTTCCTCATGATACTACTGCT,exon
exon_9,682,793,AATGTGAAAAGCTATTTTTCCAATCATGATGAAAGTCTGAAGAAAAATGATAGATTTATCGCTTCTGTGACAGACAGTGAAAACACAAATCAAAGAGAAGCTGCAAGTCATG,exon
exon_10,794,1909,GATTTGGAAAAACATCAGGGAATTCATTTAAAGTAAATAGCTGCAAAGACCACATTGGAAAGTCAATGCCAAATGTCCTAGAAGATGAAGTATATGAAACAGTTGTAGATACCTCTGAAGAAGATAGTTTTTCATTATGTTTTTCTAAATGTAGAACAAAAAATCTACAAAAAGTAAGAACTAGCAAGACTAGGAAAAAAATTTTCCATGAAGCAAACGCTGATGAATGTGAAAAATCTAAAAACCAAGTGAAAGAAAAATACTCATTTGTATCTGAAGTGGAACCAAATGATACTGATCCATTAGATTCAAATGTAGCAAATCAGAAGCCCTTTGAGAGTGGAAGTGACAAAATCTCCAAGGAAGTTGTACCGTCTTTGGCCTGTGAATGGTCTCAACTAACCCTTTCAGGTCTAAATGGAGCCCAGATGGAGAAAATACCCCTATTGCATATTTCTTCATGTGACCAAAATATTTCAGAAAAAGACCTATTAGACACAGAGAACAAAAGAAAGAAAGATTTTCTTACTTCAGAGAATTCTTTGCCACGTATTTCTAGCCTACCAAAATCAGAGAAGCCATTAAATGAGGAAACAGTGGTAAATAAGAGAGATGAAGAGCAGCATCTTGAATCTCATACAGACTGCATTCTTGCAGTAAAGCAGGCAATATCTGGAACTTCTCCAGTGGCTTCTTCATTTCAGGGTATCAAAAAGTCTATATTCAGAATAAGAGAATCACCTAAAGAGACTTTCAATGCAAGTTTTTCAGGTCATATGACTGATCCAAACTTTAAAAAAGAAACTGAAGCCTCTGAAAGTGGACTGGAAATACATACTGTTTGCTCACAGAAGGAGGACTCCTTATGTCCAAATTTAATTGATAATGGAAGCTGGCCAGCCACCACCACACAGAATTCTGTAGCTTTGAAGAATGCAGGTTTAATATCCACTTTGAAAAAGAAAACAAATAAGTTTATTTATGCTATACATGATGAAACATCTTATAAAGGAAAAAAAATACCGAAAGACCAAAAATCAGAACTAATTAACTGTTCAGCCCAGTTTGAAGCAAATGCTTTTGAAGCACCACTTACATTTGCAAATGCTGATTCAG,exon
exon_11,1910,6841,GTTTATTGCATTCTTCTGTGAAAAGAAGCTGTTCACAGAATGATTCTGAAGAACCAACTTTGTCCTTAACTAGCTCTTTTGGGACAATTCTGAGGAAATGTTCTAGAAATGAAACATGTTCTAATAATACAGTAATCTCTCAGGATCTTGATTATAAAGAAGCAAAATGTAATAAGGAAAAACTACAGTTATTTATTACCCCAGAAGCTGATTCTCTGTCATGCCTGCAGGAAGGACAGTGTGAAAATGATCCAAAAAGCAAAAAAGTTTCAGATATAAAAGAAGAGGTCTTGGCTGCAGCATGTCACCCAGTACAACATTCAAAAGTGGAATACAGTGATACTGACTTTCAATCCCAGAAAAGTCTTTTATATGATCATGAAAATGCCAGCACTCTTATTTTAACTCCTACTTCCAAGGATGTTCTGTCAAACCTAGTCATGATTTCTAGAGGCAAAGAATCATACAAAATGTCAGACAAGCTCAAAGGTAACAATTATGAATCTGATGTTGAATTAACCAAAAATATTCCCATGGAAAAGAATCAAGATGTATGTGCTTTAAATGAAAATTATAAAAACGTTGAGCTGTTGCCACCTGAAAAATACATGAGAGTAGCATCACCTTCAAGAAAGGTACAATTCAACCAAAACACAAATCTAAGAGTAATCCAAAAAAATCAAGAAGAAACTACTTCAATTTCAAAAATAACTGTCAATCCAGACTCTGAAGAACTTTTCTCAGACAATGAGAATAATTTTGTCTTCCAAGTAGCTAATGAAAGGAATAATCTTGCTTTAGGAAATACTAAGGAACTTCATGAAACAGACTTGACTTGTGTAAACGAACCCATTTTCAAGAACTCTACCATGGTTTTATATGGAGACACAGGTGATAAACAAGCAACCCAAGTGTCAATTAAAAAAGATTTGGTTTATGTTCTTGCAGAGGAGAACAAAAATAGTGTAAAGCAGCATATAAAAATGACTCTAGGTCAAGATTTAAAATCGGACATCTCCTTGAATATAGATAAAATACCAGAAAAAAATAATGATTACATGAACAAATGGGCAGGACTCTTAGGTCCAATTTCAAATCACAGTTTTGGAGGTAGCTTCAGAACAGCTTCAAATAAGGAAATCAAGCTCTCTGAACATAACATTAAGAAGAGCAAAATGTTCTTCAAAGATATTGAAGAACAATATCCTACTAGTTTAGCTTGTGTTGAAATTGTAAATACCTTGGCATTAGATAATCAAAAGAAACTGAGCAAGCCTCAGTCAATTAATACTGTATCTGCACATTTACAGAGTAGTGTAGTTGTTTCTGATTGTAAAAATAGTCATATAACCCCTCAGATGTTATTTTCCAAGCAGGATTTTAATTCAAACCATAATTTAACACCTAGCCAAAAGGCAGAAATTACAGAACTTTCTACTATATTAGAAGAATCAGGAAGTCAGTTTGAATTTACTCAGTTTAGAAAACCAAGCTACATATTGCAGAAGAGTACATTTGAAGTGCCTGAAAACCAGATGACTATCTTAAAGACCACTTCTGAGGAATGCAGAGATGCTGATCTTCATGTCATAATGAATGCCCCATCGATTGGTCAGGTAGACAGCAGCAAGCAATTTGAAGGTACAGTTGAAATTAAACGGAAGTTTGCTGGCCTGTTGAAAAATGACTGTAACAAAAGTGCTTCTGGTTATTTAACAGATGAAAATGAAGTGGGGTTTAGGGGCTTTTATTCTGCTCATGGCACAAAACTGAATGTTTCTACTGAAGCTCTGCAAAAAGCTGTGAAACTGTTTAGTGATATTGAGAATATTAGTGAGGAAACTTCTGCAGAGGTACATCCAATAAGTTTATCTTCAAGTAAATGTCATGATTCTGTTGTTTCAATGTTTAAGATAGAAAATCATAATGATAAAACTGTAAGTGAAAAAAATAATAAATGCCAACTGATATTACAAAATAATATTGAAATGACTACTGGCACTTTTGTTGAAGAAATTACTGAAAATTACAAGAGAAATACTGAAAATGAAGATAACAAATATACTGCTGCCAGTAGAAATTCTCATAACTTAGAATTTGATGGCAGTGATTCAAGTAAAAATGATACTGTTTGTATTCATAAAGATGAAACGGACTTGCTATTTACTGATCAGCACAACATATGTCTTAAATTATCTGGCCAGTTTATGAAGGAGGGAAACACTCAGATTAAAGAAGATTTGTCAGATTTAACTTTTTTGGAAGTTGCGAAAGCTCAAGAAGCATGTCATGGTAATACTTCAAATAAAGAACAGTTAACTGCTACTAAAACGGAGCAAAATATAAAAGATTTTGAGACTTCTGATACATTTTTTCAGACTGCAAGTGGGAAAAATATTAGTGTCGCCAAAGAGTCATTTAATAAAATTGTAAATTTCTTTGATCAGAAACCAGAAGAATTGCATAACTTTTCCTTAAATTCTGAATTACATTCTGACATAAGAAAGAACAAAATGGACATTCTAAGTTATGAGGAAACAGACATAGTTAAACACAAAATACTGAAAGAAAGTGTCCCAGTTGGTACTGGAAATCAACTAGTGACCTTCCAGGGACAACCCGAACGTGATGAAAAGATCAAAGAACCTACTCTATTGGGTTTTCATACAGCTAGCGGGAAAAAAGTTAAAATTGCAAAGGAATCTTTGGACAAAGTGAAAAACCTTTTTGATGAAAAAGAGCAAGGTACTAGTGAAATCACCAGTTTTAGCCATCAATGGGCAAAGACCCTAAAGTACAGAGAGGCCTGTAAAGACCTTGAATTAGCATGTGAGACCATTGAGATCACAGCTGCCCCAAAGTGTAAAGAAATGCAGAATTCTCTCAATAATGATAAAAACCTTGTTTCTATTGAGACTGTGGTGCCACCTAAGCTCTTAAGTGATAATTTATGTAGACAAACTGAAAATCTCAAAACATCAAAAAGTATCTTTTTGAAAGTTAAAGTACATGAAAATGTAGAAAAAGAAACAGCAAAAAGTCCTGCAACTTGTTACACAAATCAGTCCCCTTATTCAGTCATTGAAAATTCAGCCTTAGCTTTTTACACAAGTTGTAGTAGAAAAACTTCTGTGAGTCAGACTTCATTACTTGAAGCAAAAAAATGGCTTAGAGAAGGAATATTTGATGGTCAACCAGAAAGAATAAATACTGCAGATTATGTAGGAAATTATTTGTATGAAAATAATTCAAACAGTACTATAGCTGAAAATGACAAAAATCATCTCTCCGAAAAACAAGATACTTATTTAAGTAACAGTAGCATGTCTAACAGCTATTCCTACCATTCTGATGAGGTATATAATGATTCAGGATATCTCTCAAAAAATAAACTTGATTCTGGTATTGAGCCAGTATTGAAGAATGTTGAAGATCAAAAAAACACTAGTTTTTCCAAAGTAATATCCAATGTAAAAGATGCAAATGCATACCCACAAACTGTAAATGAAGATATTTGCGTTGAGGAACTTGTGACTAGCTCTTCACCCTGCAAAAATAAAAATGCAGCCATTAAATTGTCCATATCTAATAGTAATAAttttgaggtagggccacctgcaTTTAGGATAGCCAGTGGTAAAATCGTTTGTGTTTCACATGAAACAATTAAAAAAGTGAAAGACATATTTACAGACAGTTTCAGTAAAGTAATTAAGGAAAACAACGAGAATAAATCAAAAATTTGCCAAACGAAAATTATGGCAGGTTGTTACGAGGCATTGGATGATTCAGAGGATATTCTTCATAACTCTCTAGATAATGATGAAtgtagcacgcattcacataaggtttTTGCTGACATTCAGAGTGAAGAAATTTTACAACATAACCAAAATATGTCTGGATTGGAGAAAGTTTCTAAAATATCACCTTGTGATGTTAGTTTGGAAACTTCAGATATATGTAAATGTAGTATAGGGAAGCTTCATAAGTCAGTCTCATCTGCAAATACTtgtgggatttttagcacagcaaGTGGAAAATCTGTCCAGGTATCAGATGCTTCATTACAAAacgcaagacaagtgttttctgaAATAGAAGATAGTACCAAGCAAGTCTTTTCCAAAGTATTGTTTAAAAGTAACGAACATTCAGACCAGCTCACAAGAGAAGAAAATACTGCTATACGTACTCCAGAACATTTAATATCCCAAAAAGGCTTTTCATATAATGTGGTAAATTCATCTGCTTTCTCTGGATTTAGTACAGCAAGTGGAAAGCAAGTTTCCATTTTAGAAAGTTCCTTACACAAAGTTAAGGGAGTGTTAGAGGAATTTGATTTAATCAGAACTGAGCATAGTCTTCACTATTCACCTACGTCTAGACAAAATGTATCAAAAATACTTCCTCGTGTTGATAAGAGAAACCCAGAGCACTGTGTAAACTCAGAAATGGAAAAAACCTGCAGTAAAGAATTTAAATTATCAAATAACTTAAATGTTGAAGGTGGTTCTTCAGAAAATAATCACTCTATTAAAGTTTCTCCATATCTCTCTCAATTTCAACAAGACAAACAACAGTTGGTATTAGGAACCAAAGTGTCACTTGTTGAGAACATTCATGTTTTGGGAAAAGAACAGGCTTCACCTAAAAACGTAAAAATGGAAATTGGTAAAACTGAAACTTTTTCTGATGTTCCTGTGAAAACAAATATAGAAGTTTGTTCTACTTACTCCAAAGATTCAGAAAACTACTTTGAAACAGAAGCAGTAGAAATTGCTAAAGCTTTTATGGAAGATGATGAACTGACAGATTCTAAACTGCCAAGTCATGCCACACATTCTCTTTTTACATGTCCCGAAAATGAGGAAATGGTTTTGTCAAATTCAAGAATTGGAAAAAGAAGAGGAGAGCCCCTTATCTTAGTGG,exon
exon_12,6842,6937,GAGAACCCTCAATCAAAAGAAACTTATTAAATGAATTTGACAGGATAATAGAAAATCAAGAAAAATCCTTAAAGGCTTCAAAAAGCACTCCAGATG,exon
exon_13,6938,7007,GCACAATAAAAGATCGAAGATTGTTTATGCATCATGTTTCTTTAGAGCCGATTACCTGTGTACCCTTTCG,exon
exon_14,7008,7435,CACAACTAAGGAACGTCAAGAGATACAGAATCCAAATTTTACCGCACCTGGTCAAGAATTTCTGTCTAAATCTCATTTGTATGAACATCTGACTTTGGAAAAATCTTCAAGCAATTTAGCAGTTTCAGGACATCCATTTTATCAAGTTTCTGCTACAAGAAATGAAAAAATGAGACACTTGATTACTACAGGCAGACCAACCAAAGTCTTTGTTCCACCTTTTAAAACTAAATCACATTTTCACAGAGTTGAACAGTGTGTTAGGAATATTAACTTGGAGGAAAACAGACAAAAGCAAAACATTGATGGACATGGCTCTGATGATAGTAAAAATAAGATTAATGACAATGAGATTCATCAGTTTAACAAAAACAACTCCAATCAAGCAGTAGCTGTAACTTTCACAAAGTGTGAAGAAGAACCTTTAG,exon
exon_15,7436,7617,ATTTAATTACAAGTCTTCAGAATGCCAGAGATATACAGGATATGCGAATTAAGAAGAAACAAAGGCAACGCGTCTTTCCACAGCCAGGCAGTCTGTATCTTGCAAAAACATCCACTCTGCCTCGAATCTCTCTGAAAGCAGCAGTAGGAGGCCAAGTTCCCTCTGCGTGTTCTCATAAACAG,exon
exon_16,7618,7805,CTGTATACGTATGGCGTTTCTAAACATTGCATAAAAATTAACAGCAAAAATGCAGAGTCTTTTCAGTTTCACACTGAAGATTATTTTGGTAAGGAAAGTTTATGGACTGGAAAAGGAATACAGTTGGCTGATGGTGGATGGCTCATACCCTCCAATGATGGAAAGGCTGGAAAAGAAGAATTTTATAG,exon
exon_17,7806,7976,GGCTCTGTGTGACACTCCAGGTGTGGATCCAAAGCTTATTTCTAGAATTTGGGTTTATAATCACTATAGATGGATCATATGGAAACTGGCAGCTATGGAATGTGCCTTTCCTAAGGAATTTGCTAATAGATGCCTAAGCCCAGAAAGGGTGCTTCTTCAACTAAAATACAG,exon
exon_18,7977,8331,ATATGATACGGAAATTGATAGAAGCAGAAGATCGGCTATAAAAAAGATAATGGAAAGGGATGACACAGCTGCAAAAACACTTGTTCTCTGTGTTTCTGACATAATTTCATTGAGCGCAAATATATCTGAAACTTCTAGCAATAAAACTAGTAGTGCAGATACCCAAAAAGTGGCCATTATTGAACTTACAGATGGGTGGTATGCTGTTAAGGCCCAGTTAGATCCTCCCCTCTTAGCTGTCTTAAAGAATGGCAGACTGACAGTTGGTCAGAAGATTATTCTTCATGGAGCAGAACTGGTGGGCTCTCCTGATGCCTGTACACCTCTTGAAGCCCCAGAATCTCTTATGTTAAAG,exon
exon_19,8332,8487,ATTTCTGCTAACAGTACTCGGCCTGCTCGCTGGTATACCAAACTTGGATTCTTTCCTGACCCTAGACCTTTTCCTCTGCCCTTATCATCGCTTTTCAGTGATGGAGGAAATGTTGGTTGTGTTGATGTAATTATTCAAAGAGCATACCCTATACAG,exon
exon_20,8488,8632,TGGATGGAGAAGACATCATCTGGATTATACATATTTCGCAATGAAAGAGAGGAAGAAAAGGAAGCAGCAAAATATGTGGAGGCCCAACAAAAGAGACTAGAAGCCTTATTCACTAAAATTCAGGAGGAATTTGAAGAACATGAAG,exon
exon_21,8633,8754,AAAACACAACAAAACCATATTTACCATCACGTGCACTAACAAGACAGCAAGTTCGTGCTTTGCAAGATGGTGCAGAGCTTTATGAAGCAGTGAAGAATGCAGCAGACCCAGCTTACCTTGAG,exon
exon_22,8755,8953,GGTTATTTCAGTGAAGAGCAGTTAAGAGCCTTGAATAATCACAGGCAAATGTTGAATGATAAGAAACAAGCTCAGATCCAGTTGGAAATTAGGAAGGCCATGGAATCTGCTGAACAAAAGGAACAAGGTTTATCAAGGGATGTCACAACCGTGTGGAAGTTGCGTATTGTAAGCTATTCAAAAAAAGAAAAAGATTCAG,exon
exon_23,8954,9117,TTATACTGAGTATTTGGCGTCCATCATCAGATTTATATTCTCTGTTAACAGAAGGAAAGAGATACAGAATTTATCATCTTGCAACTTCAAAATCTAAAAGTAAATCTGAAAGAGCTAACATACAGTTAGCAGCGACAAAAAAAACTCAGTATCAACAACTACCG,exon
exon_24,9118,9256,GTTTCAGATGAAATTTTATTTCAGATTTACCAGCCACGGGAGCCCCTTCACTTCAGCAAATTTTTAGATCCAGACTTTCAGCCATCTTGTTCTGAGGTGGACCTAATAGGATTTGTCGTTTCTGTTGTGAAAAAAACAG,exon
exon_25,9257,9501,GACTTGCCCCTTTCGTCTATTTGTCAGACGAATGTTACAATTTACTGGCAATAAAGTTTTGGATAGACCTTAATGAGGACATTATTAAGCCTCATATGTTAATTGCTGCAAGCAACCTCCAGTGGCGACCAGAATCCAAATCAGGCCTTCTTACTTTATTTGCTGGAGATTTTTCTGTGTTTTCTGCTAGTCCAAAAGAGGGCCACTTTCAAGAGACATTCAACAAAATGAAAAATACTGTTGAG,exon
exon_26,9502,9648,AATATTGACATACTTTGCAATGAAGCAGAAAACAAGCTTATGCATATACTGCATGCAAATGATCCCAAGTGGTCCACCCCAACTAAAGACTGTACTTCAGGGCCGTACACTGCTCAAATCATTCCTGGTACAGGAAACAAGCTTCTG,exon
exon_27,9649,10257,ATGTCTTCTCCTAATTGTGAGATATATTATCAAAGTCCTTTATCACTTTGTATGGCCAAAAGGAAGTCTGTTTCCACACCTGTCTCAGCCCAGATGACTTCAAAGTCTTGTAAAGGGGAGAAAGAGATTGATGACCAAAAGAACTGCAAAAAGAGAAGAGCCTTGGATTTCTTGAGTAGACTGCCTTTACCTCCACCTGTTAGTCCCATTTGTACATTTGTTTCTCCGGCTGCACAGAAGGCATTTCAGCCACCAAGGAGTTGTGGCACCAAATACGAAACACCCATAAAGAAAAAAGAACTGAATTCTCCTCAGATGACTCCATTTAAAAAATTCAATGAAATTTCTCTTTTGGAAAGTAATTCAATAGCTGACGAAGAACTTGCATTGATAAATACCCAAGCTCTTTTGTCTGGTTCAACAGGAGAAAAACAATTTATATCTGTCAGTGAATCCACTAGGACTGCTCCCACCAGTTCAGAAGATTATCTCAGACTGAAACGACGTTGTACTACATCTCTGATCAAAGAACAGGAGAGTTCCCAGGCCAGTACGGAAGAATGTGAGAAAAATAAGCAGGACACAATTACAACTAAAAAATATATCTAA,exon
BRC1,3004,3108,AATCACAGTTTTGGAGGTAGCTTCAGAACAGCTTCAAATAAGGAAATCAAGCTCTCTGAACATAACATTAAGAAGAGCAAAATGTTCTTCAAAGATATTGAAGAA,repeat
BRC2,3634,3738,AATGAAGTGGGGTTTAGGGGCTTTTATTCTGCTCATGGCACAAAACTGAATGTTTCTACTGAAGCTCTGCAAAAAGCTGTGAAACTGTTTAGTGATATTGAGAAT,repeat
BRC3,4261,4365,TTTGAGACTTCTGATACATTTTTTCAGACTGCAAGTGGGAAAAATATTAGTGTCGCCAAAGAGTCATTTAATAAAATTGTAAATTTCTTTGATCAGAAACCAGAA,repeat
BRC4,4549,4653,AAAGAACCTACTCTATTGGGTTTTCATACAGCTAGCGGGAAAAAAGTTAAAATTGCAAAGGAATCTTTGGACAAAGTGAAAAACCTTTTTGATGAAAAAGAGCAA,repeat
BRC5,4990,5094,ATTGAAAATTCAGCCTTAGCTTTTTACACAAGTTGTAGTAGAAAAACTTCTGTGAGTCAGACTTCATTACTTGAAGCAAAAAAATGGCTTAGAGAAGGAATATTT,repeat
BRC6,5509,5613,tttgaggtagggccacctgcaTTTAGGATAGCCAGTGGTAAAATCGTTTGTGTTTCACATGAAACAATTAAAAAAGTGAAAGACATATTTACAGACAGTTTCAGT,repeat
BRC7,5911,6015,TCTGCAAATACTtgtgggatttttagcacagcaaGTGGAAAATCTGTCCAGGTATCAGATGCTTCATTACAAAacgcaagacaagtgttttctgaAATAGAAGAT,repeat
BRC8,6151,6255,AATTCATCTGCTTTCTCTGGATTTAGTACAGCAAGTGGAAAGCAAGTTTCCATTTTAGAAAGTTCCTTACACAAAGTTAAGGGAGTGTTAGAGGAATTTGATTTA,repeat
S3291,9871,9873,,msc
NLS,9796,9807,,msc